AIRLINE,Total_Flights,Delayed_Flights,Delay_Percentage
AA,715065,119162,16.66449903155657
AS,171852,17904,10.418266880804413
B6,262772,55741,21.212686283165635
DL,872057,118074,13.539711280340619
EV,556746,93702,16.830296041641972
F9,90248,20127,22.301879266022514
HA,76101,5230,6.872445828569927
MQ,279607,54169,19.37326318725926
NK,115375,30594,26.51700975081257
OO,578393,93380,16.144732042054454
UA,509150,115902,22.763822056368458
US,194648,27972,14.370556080720068
VX,61369,10620,17.305154068014797
WN,1245812,253959,20.385017964187213
