DESTINATION_AIRPORT,Destination_Delay_Rate
10135,0.14285714285714285
10136,0
10140,0.12244897959183673
10146,0
10154,0.5
10155,0.3333333333333333
10157,0
10158,0
10185,0.09090909090909091
10208,0
10257,0.1875
10268,0
10279,0
10299,0.07894736842105263
10333,0
10372,0
10397,0.07119741100323625
10408,0.25
10423,0.16666666666666666
10431,0.2
10434,0.5
10469,0
10529,0.17307692307692307
10551,0
10561,0.2
10577,0
10599,0.1388888888888889
10620,0
10627,0
10685,0.3333333333333333
10693,0.11428571428571428
10713,0.1388888888888889
10721,0.13175675675675674
10728,0
10731,0
10732,0
10739,0
10747,0.125
10754,0
10779,0
10781,0.1875
10785,0
10792,0.17647058823529413
10800,0.1
10821,0.0990990990990991
10849,0.15384615384615385
10868,0.2857142857142857
10874,0.3076923076923077
10918,0
10926,0
10980,0.125
10990,0
10994,0.06666666666666667
11003,0
11013,0
11042,0.13953488372093023
11049,0.2
11057,0.09836065573770492
11066,0.15
11067,0
11076,0
11097,0
11109,0.25
11111,0
11122,0
11140,0.125
11146,0.2857142857142857
11150,0
11193,0.07407407407407407
11203,0
11252,0
11259,0.10897435897435898
11267,0.058823529411764705
11274,0
11278,0.1346153846153846
11292,0.1539961013645224
11298,0.14893617021276595
11308,0
11315,0
11337,0
11413,0.2
11423,0.1875
11433,0.09027777777777778
11447,0
11471,0
11481,0
11525,0.3333333333333333
11537,0
11540,0.1111111111111111
11587,0
11603,0.09090909090909091
11612,0.18181818181818182
11617,0.5
11618,0.18050541516245489
11624,0.2857142857142857
11630,0.2
11637,0
11638,0.26666666666666666
11641,0
11648,0
11695,0
11697,0.16091954022988506
11721,0.1
11775,0.11764705882352941
11778,0
11823,0.1111111111111111
11865,0
11867,0
11884,0.0967741935483871
11898,0.5
11905,0
11921,0.2
11953,0.5
11973,0
11977,0
11980,0.3333333333333333
11982,0.1
11986,0.25
11995,0.07692307692307693
11996,0.07692307692307693
12003,0.25
12007,0
12129,0
12156,0
12173,0.04854368932038835
12191,0.10344827586206896
12197,0
12206,0.16666666666666666
12217,0.14285714285714285
12255,0
12264,0.08139534883720931
12265,0
12266,0.11501597444089456
12278,0.15384615384615385
12280,0
12323,0.25
12335,0
12339,0.029411764705882353
12343,0.2
12389,0
12391,0
12402,0
12441,0.25
12448,0.13636363636363635
12451,0.18518518518518517
12478,0.15853658536585366
12519,0
12523,0.07142857142857142
12758,0.07407407407407407
12819,0
12884,0.25
12888,0
12889,0.1256544502617801
12891,0
12892,0.11458333333333333
12896,0.1111111111111111
12898,0
12915,0
12945,0.13333333333333333
12951,0.10526315789473684
12953,0.14345991561181434
12954,0.23076923076923078
12982,0.09523809523809523
12992,0.13793103448275862
13029,0.25
13061,0
13076,0.25
13127,0
13158,0
13184,0
13198,0.09345794392523364
13204,0.1346153846153846
13230,0.09090909090909091
13232,0.10945273631840796
13241,0
13244,0.1388888888888889
13256,0
13264,0.2857142857142857
13277,0.2727272727272727
13290,0.3333333333333333
13296,0.10526315789473684
13303,0.10303030303030303
13342,0.21176470588235294
13344,0.5
13360,0
13367,0.08333333333333333
13377,0.05555555555555555
13422,0.3076923076923077
13433,0
13459,0
13476,0
13485,0.15789473684210525
13486,0
13487,0.08540925266903915
13495,0.13861386138613863
13577,0.2
13796,0.14754098360655737
13830,0.02127659574468085
13851,0.15384615384615385
13871,0.16666666666666666
13891,0.19047619047619047
13930,0.09259259259259259
13931,0.1935483870967742
13970,0
14006,0
14027,0.17307692307692307
14057,0.1310344827586207
14098,0.6666666666666666
14100,0.11731843575418995
14107,0.12398921832884097
14108,0
14113,0
14122,0.08860759493670886
14150,0
14193,0
14252,0
14254,1
14262,0.16666666666666666
14307,0.14814814814814814
14321,0.08333333333333333
14457,0
14487,1
14489,0.2857142857142857
14492,0.14444444444444443
14520,0
14524,0.1
14543,0
14570,0.14814814814814814
14574,0
14576,0.15384615384615385
14588,0
14633,0.25
14635,0.1702127659574468
14674,0
14679,0.135678391959799
14683,0.09090909090909091
14685,0.11764705882352941
14689,0.2222222222222222
14696,0
14698,0
14709,0
14730,0.1875
14747,0.1360544217687075
14771,0.13910761154855644
14783,0.16666666666666666
14794,0
14814,0.11764705882352941
14828,0
14831,0.10377358490566038
14842,0
14843,0.1702127659574468
14869,0.06837606837606838
14893,0.14563106796116504
14908,0.09090909090909091
14952,0
14960,0.25
14986,0
15016,0.18110236220472442
15024,0
15027,0
15041,0
15048,0
15070,1
15096,0.16666666666666666
15249,0.14285714285714285
15295,0
15304,0.14193548387096774
15323,0
15356,0.21428571428571427
15370,0.16216216216216217
15376,0.14634146341463414
15380,0.1111111111111111
15389,0
15401,0
15411,0
15412,0.11764705882352941
15607,0.5
15624,0.07142857142857142
15841,0.3333333333333333
15919,0.25925925925925924
15991,1
16218,0.25
ABE,0.14285714285714285
ABI,0.18461538461538463
ABQ,0.22868217054263565
ABR,0.06666666666666667
ABY,0.125
ACK,0.36363636363636365
ACT,0.2
ACV,0.2903225806451613
ACY,0.20202020202020202
ADK,0
ADQ,0
AEX,0.23170731707317074
AGS,0.12280701754385964
ALB,0.22380952380952382
ALO,0.2222222222222222
AMA,0.19444444444444445
ANC,0.13258426966292136
APN,0.25
ASE,0.275
ATL,0.14297658862876253
ATW,0.11594202898550725
AUS,0.22920203735144312
AVL,0.11538461538461539
AVP,0.15789473684210525
AZO,0.23255813953488372
BDL,0.21863117870722434
BET,0.13157894736842105
BFL,0.2
BGM,0
BGR,0.3
BHM,0.18023255813953487
BIL,0.17073170731707318
BIS,0.10344827586206896
BJI,0
BLI,0.08
BMI,0.3188405797101449
BNA,0.17660910518053374
BOI,0.19601328903654486
BOS,0.2160958904109589
BPT,0.2
BQK,0.16
BQN,0.1388888888888889
BRD,0.06666666666666667
BRO,0.13725490196078433
BRW,0.23529411764705882
BTM,0.09090909090909091
BTR,0.18848167539267016
BTV,0.2
BUF,0.2163265306122449
BUR,0.18699186991869918
BWI,0.1764199655765921
BZN,0.2073170731707317
CAE,0.19727891156462585
CAK,0.13372093023255813
CDC,0
CDV,0.125
CEC,0.2
CHA,0.1574074074074074
CHO,0.21052631578947367
CHS,0.16181229773462782
CID,0.24539877300613497
CIU,0.23809523809523808
CLD,0.037037037037037035
CLE,0.21177685950413222
CLL,0.14705882352941177
CLT,0.13724796604174036
CMH,0.19562043795620437
CMI,0.15789473684210525
CMX,0.13636363636363635
CNY,0
COD,0.18181818181818182
COS,0.23195876288659795
COU,0.2777777777777778
CPR,0.19230769230769232
CRP,0.19166666666666668
CRW,0.21052631578947367
CSG,0.11538461538461539
CVG,0.19814814814814816
CWA,0.17073170731707318
DAB,0.17073170731707318
DAL,0.1978021978021978
DAY,0.18992248062015504
DBQ,0.2
DCA,0.17502507522567703
DEN,0.19360176503033646
DFW,0.16610325752919483
DHN,0.08823529411764706
DIK,0.15625
DLG,0
DLH,0.09803921568627451
DRO,0.061224489795918366
DSM,0.21782178217821782
DTW,0.1670564650851988
DVL,0.4117647058823529
EAU,0.14705882352941177
ECP,0.18181818181818182
EGE,0.24324324324324326
EKO,0
ELM,0.22058823529411764
ELP,0.22712933753943218
ERI,0.23529411764705882
ESC,0
EUG,0.17708333333333334
EVV,0.14285714285714285
EWN,0.29411764705882354
EWR,0.21871559633027524
EYW,0.20408163265306123
FAI,0.1694915254237288
FAR,0.21428571428571427
FAT,0.1507537688442211
FAY,0.13043478260869565
FCA,0.21428571428571427
FLG,0.16666666666666666
FLL,0.20255026974006865
FNT,0.21481481481481482
FSD,0.1865671641791045
FSM,0.2
FWA,0.21929824561403508
GCC,0.12
GCK,0.2222222222222222
GEG,0.19923371647509577
GFK,0.11764705882352941
GGG,0
GJT,0.14285714285714285
GNV,0.17567567567567569
GPT,0.16831683168316833
GRB,0.21008403361344538
GRI,0.10526315789473684
GRK,0.2916666666666667
GRR,0.19936708860759494
GSO,0.1791907514450867
GSP,0.1657142857142857
GST,0
GTF,0.16666666666666666
GTR,0.06666666666666667
GUC,0.4
GUM,0.375
HDN,0.2857142857142857
HIB,0.027777777777777776
HLN,0.15384615384615385
HNL,0.10585404971932638
HOB,0.21052631578947367
HOU,0.18829008649367932
HPN,0.20320855614973263
HRL,0.16049382716049382
HSV,0.1437908496732026
HYA,0
HYS,0.1
IAD,0.1921921921921922
IAG,0.1111111111111111
IAH,0.18456209797130133
ICT,0.18433179723502305
IDA,0.1774193548387097
ILG,0
ILM,0.15
IMT,0.21428571428571427
IND,0.18666666666666668
INL,0.1
ISN,0.1780821917808219
ISP,0.25892857142857145
ITO,0.08088235294117647
JAC,0.26262626262626265
JAN,0.1881720430107527
JAX,0.18410852713178294
JFK,0.20616946505271377
JLN,0.2608695652173913
JMS,0.14285714285714285
JNU,0.19444444444444445
KOA,0.07903780068728522
KTN,0.1267605633802817
LAN,0.2413793103448276
LAR,0.15384615384615385
LAS,0.20119305856832972
LAW,0.21621621621621623
LAX,0.1914422722242715
LBB,0.1702127659574468
LBE,0.40476190476190477
LCH,0.09433962264150944
LEX,0.11486486486486487
LFT,0.15483870967741936
LGA,0.23176123802505527
LGB,0.16996047430830039
LIH,0.09059233449477352
LIT,0.20300751879699247
LNK,0.17721518987341772
LRD,0.14516129032258066
LSE,0.13043478260869565
LWS,0
MAF,0.23267326732673269
MBS,0.23728813559322035
MCI,0.18659420289855072
MCO,0.18691888425777492
MDT,0.14772727272727273
MDW,0.1888472352389878
MEI,0.1875
MEM,0.19775280898876405
MFE,0.1506849315068493
MFR,0.14925373134328357
MGM,0.23076923076923078
MHK,0.1891891891891892
MHT,0.18235294117647058
MIA,0.1760355029585799
MKE,0.1916243654822335
MKG,0.17647058823529413
MLB,0.07894736842105263
MLI,0.2727272727272727
MLU,0.22727272727272727
MMH,1
MOB,0.19230769230769232
MOT,0.2
MQT,0.5714285714285714
MRY,0.12121212121212122
MSN,0.1829787234042553
MSO,0.2037037037037037
MSP,0.1365681233933162
MSY,0.2097902097902098
MTJ,0.22857142857142856
MVY,0.6
MYR,0.17829457364341086
OAJ,0.23333333333333334
OAK,0.20896860986547086
OGG,0.09786476868327403
OKC,0.23044397463002114
OMA,0.18025751072961374
OME,0.125
ONT,0.193359375
ORD,0.18349099390955034
ORF,0.250996015936255
ORH,0.041666666666666664
OTH,0.2222222222222222
OTZ,0
PAH,0.16666666666666666
PBG,0.2
PBI,0.18209876543209877
PDX,0.18343653250773995
PHF,0.21621621621621623
PHL,0.1923963133640553
PHX,0.1552717255196594
PIA,0.1452991452991453
PIB,0.07142857142857142
PIH,0
PIT,0.1882183908045977
PLN,0.11764705882352941
PNS,0.1452513966480447
PPG,0
PSC,0.11290322580645161
PSE,0.23809523809523808
PSG,0.2777777777777778
PSP,0.18410041841004185
PUB,0
PVD,0.19243986254295534
PWM,0.2734375
RAP,0.16666666666666666
RDD,0.13043478260869565
RDM,0.16129032258064516
RDU,0.19977426636568849
RHI,0.09375
RIC,0.19321148825065274
RKS,0.2857142857142857
RNO,0.21220930232558138
ROA,0.22857142857142856
ROC,0.1641025641025641
ROW,0.12
RST,0.15217391304347827
RSW,0.19898605830164764
SAF,0.10526315789473684
SAN,0.20080930703085484
SAT,0.2119815668202765
SAV,0.17857142857142858
SBA,0.1564245810055866
SBN,0.16666666666666666
SBP,0.08139534883720931
SCC,0.043478260869565216
SCE,0.3076923076923077
SDF,0.19014084507042253
SEA,0.15708687132593077
SFO,0.24696556849145404
SGF,0.23076923076923078
SGU,0.13953488372093023
SHV,0.16981132075471697
SIT,0.037037037037037035
SJC,0.17994100294985252
SJT,0.18181818181818182
SJU,0.23281907433380084
SLC,0.1316494450822809
SMF,0.2052313883299799
SMX,0.058823529411764705
SNA,0.15845410628019324
SPI,0.23076923076923078
SPS,0.15789473684210525
SRQ,0.1111111111111111
STC,0
STL,0.1732283464566929
STT,0.24444444444444444
STX,0.12
SUN,0.13793103448275862
SUX,0.25
SWF,0.25
SYR,0.22151898734177214
TLH,0.17582417582417584
TOL,0.24242424242424243
TPA,0.19055374592833876
TRI,0.20408163265306123
TTN,0.17073170731707318
TUL,0.22070844686648503
TUS,0.1791044776119403
TVC,0.1
TWF,0.0625
TXK,0.22727272727272727
TYR,0.22388059701492538
TYS,0.21839080459770116
UST,0
VEL,0
VLD,0.20833333333333334
VPS,0.16666666666666666
WRG,0.3076923076923077
WYS,0
XNA,0.20973782771535582
YAK,0.058823529411764705
YUM,0.043478260869565216
