Departure_Hour,Total_Flights,Delayed_Flights,Delay_Percentage
0,14539,2338,16.08088589311507
1,5105,855,16.748285994123407
2,1386,237,17.0995670995671
3,767,157,20.469361147327252
4,528,124,23.484848484848484
5,115984,6473,5.58094219892399
6,399618,25438,6.365579128067305
7,388704,32998,8.489236025356055
8,375689,39626,10.547553960855922
9,347064,43454,12.520457321992485
10,366892,52591,14.334190988083687
11,353554,55586,15.722067916075055
12,350840,60156,17.146277505415576
13,358767,65712,18.316065858900068
14,324870,66578,20.49373595592083
15,362495,77262,21.31394915791942
16,328515,74352,22.632756495137208
17,383576,91094,23.748618266002044
18,327884,85070,25.945151334008372
19,325209,85462,26.279100516898364
20,254179,68503,26.95069222870497
21,183786,46760,25.442634368232618
22,115517,26974,23.350675658128242
23,43727,8736,19.978502984426097
