ORIGIN_AIRPORT,Origin_Delay_Rate
10135,0.375
10136,0.2
10140,0.13953488372093023
10141,0
10146,0
10155,0.2
10157,0
10158,0.1111111111111111
10165,1
10170,0
10185,0
10208,0
10257,0.05263157894736842
10279,0.1111111111111111
10299,0.03571428571428571
10397,0.10502793296089385
10408,0.1
10423,0.14166666666666666
10431,0
10434,0
10469,0
10529,0.058823529411764705
10551,0
10561,0.2
10577,0
10581,0
10599,0.125
10620,0
10627,0
10631,0
10685,0
10693,0.14516129032258066
10713,0.15384615384615385
10721,0.12738853503184713
10728,0
10731,0
10732,0.6666666666666666
10739,0
10747,0
10754,0
10779,0
10781,0.35294117647058826
10785,0
10792,0.1
10800,0.1
10821,0.1759656652360515
10849,0
10868,0.07692307692307693
10874,0.07142857142857142
10918,0
10926,0
10980,0
10990,0
10994,0.11428571428571428
11003,0.1111111111111111
11013,0
11042,0.10465116279069768
11049,0
11057,0.13780918727915195
11066,0.057971014492753624
11067,0
11076,0.3333333333333333
11109,0.25
11111,0
11122,0
11140,0.1111111111111111
11146,0
11150,0
11193,0.10810810810810811
11203,0.4
11252,0
11259,0.17105263157894737
11267,0
11274,0
11278,0.11602209944751381
11292,0.1267605633802817
11298,0.132890365448505
11308,0
11315,0
11337,0
11413,0.5
11423,0.16666666666666666
11433,0.11538461538461539
11471,0
11481,0.1111111111111111
11537,0.125
11540,0.05714285714285714
11587,0
11603,0.15384615384615385
11612,0.13333333333333333
11617,0
11618,0.14785992217898833
11624,0
11630,0.1111111111111111
11637,0
11638,0.21428571428571427
11641,0
11648,0
11695,0.2
11697,0.18471337579617833
11721,0
11775,0.2
11778,0
11823,0.0625
11865,0
11867,0
11884,0.041666666666666664
11898,0
11905,0
11921,0
11953,0.3076923076923077
11973,0
11977,0
11982,0
11986,0.06666666666666667
11995,0
11996,0.15
12003,0
12007,0
12016,0
12094,0
12129,0.125
12156,0
12173,0.06315789473684211
12177,0
12191,0.15671641791044777
12197,0.14285714285714285
12206,0
12217,0
12255,0
12264,0.14814814814814814
12265,0
12266,0.13636363636363635
12278,0.13333333333333333
12280,0
12323,0
12335,0
12339,0.10294117647058823
12343,0
12389,0
12391,0
12402,0.07142857142857142
12441,0.2
12448,0.2
12451,0.09523809523809523
12478,0.14485981308411214
12519,0
12523,0.14285714285714285
12758,0
12819,0.2
12884,0
12888,1
12889,0.11988304093567251
12891,0.2
12892,0.14609053497942387
12896,0.125
12898,0
12915,0
12945,0
12951,0
12953,0.16129032258064516
12954,0.18181818181818182
12982,0.0625
12992,0.06060606060606061
13029,0.09090909090909091
13061,0.5
13076,0
13158,0.06666666666666667
13184,0.5
13198,0.12745098039215685
13204,0.10548523206751055
13230,0
13232,0.13526570048309178
13241,0
13244,0.08571428571428572
13256,0
13264,0
13277,0.25
13290,0
13296,0.0625
13303,0.12666666666666668
13342,0.13157894736842105
13344,0
13360,0
13367,0
13377,0.2
13422,0.1
13433,0
13476,0
13485,0.04
13486,0
13487,0.09059233449477352
13495,0.14
13577,0.1
13795,0
13796,0.08108108108108109
13830,0.06666666666666667
13851,0.1276595744680851
13871,0.044444444444444446
13873,0
13891,0.12280701754385964
13930,0.1225
13931,0.16666666666666666
13933,0
13964,1
13970,0
14006,0
14025,1
14027,0.06666666666666667
14057,0.1037037037037037
14098,0
14100,0.15760869565217392
14107,0.15591397849462366
14108,0.1111111111111111
14109,0
14113,0
14122,0.11538461538461539
14150,0
14193,0.05263157894736842
14252,0
14254,0
14256,0
14262,0.037037037037037035
14307,0.05405405405405406
14321,0.08333333333333333
14457,0.16666666666666666
14487,0.5
14489,0
14492,0.09574468085106383
14520,0
14524,0.08771929824561403
14543,0
14570,0.09090909090909091
14574,0
14576,0.043478260869565216
14588,0
14633,0
14635,0.125
14674,0
14679,0.11764705882352941
14683,0.1728395061728395
14685,0.05
14689,0.23809523809523808
14696,0
14698,0
14709,0
14730,0.037037037037037035
14747,0.10561056105610561
14771,0.14603960396039603
14783,0.05263157894736842
14794,0
14814,0.13333333333333333
14828,0
14831,0.12631578947368421
14842,0.375
14843,0.14814814814814814
14869,0.07024793388429752
14893,0.15217391304347827
14908,0.11764705882352941
14952,0
14960,0
14986,0.1111111111111111
15016,0.09448818897637795
15024,0.25
15027,1
15041,0
15048,0
15096,0.15789473684210525
15249,0
15295,0
15304,0.1292517006802721
15323,0
15356,0
15370,0.10810810810810811
15376,0.11363636363636363
15380,0.25
15389,0
15401,1
15411,0
15412,0.06666666666666667
15497,0
15607,0
15624,0
15919,0.14814814814814814
15991,0
16218,0.5
ABE,0.16363636363636364
ABI,0.08823529411764706
ABQ,0.15010141987829614
ABR,0.1
ABY,0.16666666666666666
ACK,0.13333333333333333
ACT,0.13333333333333333
ACV,0.37209302325581395
ACY,0.21359223300970873
ADK,0.3333333333333333
ADQ,0
AEX,0.1506849315068493
AGS,0.1527777777777778
AKN,0
ALB,0.1076923076923077
ALO,0
AMA,0.19130434782608696
ANC,0.11060948081264109
APN,0
ASE,0.22580645161290322
ATL,0.17380379017903885
ATW,0.203125
AUS,0.1835334476843911
AVL,0.15730337078651685
AVP,0.13157894736842105
AZO,0.09433962264150944
BDL,0.17137096774193547
BET,0.09523809523809523
BFL,0.11538461538461539
BGM,0.16666666666666666
BGR,0.14285714285714285
BHM,0.1574074074074074
BIL,0.03125
BIS,0.11235955056179775
BJI,0
BLI,0.06666666666666667
BMI,0.14084507042253522
BNA,0.17045454545454544
BOI,0.134375
BOS,0.17967698519515476
BPT,0.3333333333333333
BQK,0.043478260869565216
BQN,0.17647058823529413
BRD,0.058823529411764705
BRO,0.171875
BRW,0.034482758620689655
BTM,0
BTR,0.16470588235294117
BTV,0.16304347826086957
BUF,0.15982721382289417
BUR,0.1440501043841336
BWI,0.2539159109645507
BZN,0.07291666666666667
CAE,0.125
CAK,0.09302325581395349
CDC,0.0625
CDV,0.0625
CEC,0.14285714285714285
CHA,0.16981132075471697
CHO,0.12307692307692308
CHS,0.13846153846153847
CID,0.2
CIU,0.15789473684210525
CLD,0.05
CLE,0.17237687366167023
CLL,0.08196721311475409
CLT,0.15948275862068967
CMH,0.1582089552238806
CMI,0.07547169811320754
CMX,0.08695652173913043
CNY,0
COD,0.07142857142857142
COS,0.22105263157894736
COU,0.17142857142857143
CPR,0
CRP,0.1732283464566929
CRW,0.25
CSG,0.18181818181818182
CVG,0.17204301075268819
CWA,0.09090909090909091
DAB,0.1590909090909091
DAL,0.23628219484882418
DAY,0.14522821576763487
DBQ,0.09523809523809523
DCA,0.15395823215152987
DEN,0.22165973603326705
DFW,0.20780427376896873
DHN,0.16666666666666666
DIK,0.07692307692307693
DLG,1
DLH,0.125
DRO,0.16129032258064516
DSM,0.18604651162790697
DTW,0.1740983606557377
DVL,0.2857142857142857
EAU,0.16666666666666666
ECP,0.15841584158415842
EGE,0.3611111111111111
EKO,0.058823529411764705
ELM,0.1323529411764706
ELP,0.18944099378881987
ERI,0.09090909090909091
ESC,0.07692307692307693
EUG,0.1956521739130435
EVV,0.19318181818181818
EWN,0.058823529411764705
EWR,0.22077452044878754
EYW,0.15873015873015872
FAI,0.14285714285714285
FAR,0.1564625850340136
FAT,0.17616580310880828
FAY,0.1111111111111111
FCA,0.022727272727272728
FLG,0.1282051282051282
FLL,0.18362403100775193
FNT,0.07751937984496124
FSD,0.17721518987341772
FSM,0.17142857142857143
FWA,0.19285714285714287
GCC,0.0625
GCK,0.26666666666666666
GEG,0.08641975308641975
GFK,0.09523809523809523
GGG,0.14285714285714285
GJT,0.08
GNV,0.15714285714285714
GPT,0.08860759493670886
GRB,0.13076923076923078
GRI,0.06666666666666667
GRK,0.10810810810810811
GRR,0.16887417218543047
GSO,0.1793478260869565
GSP,0.12290502793296089
GST,1
GTF,0.06976744186046512
GTR,0.2
GUC,0.1111111111111111
GUM,0.35714285714285715
HDN,0.2777777777777778
HIB,0.045454545454545456
HLN,0
HNL,0.10998307952622674
HOB,0.17647058823529413
HOU,0.23774834437086093
HPN,0.2107843137254902
HRL,0.0625
HSV,0.15
HYS,0.1
IAD,0.20238095238095238
IAG,0
IAH,0.20588963127938628
ICT,0.18627450980392157
IDA,0.09803921568627451
ILG,0.25
ILM,0.07407407407407407
IMT,0.07142857142857142
IND,0.16142270861833105
INL,0.14285714285714285
ISN,0.125
ISP,0.1702127659574468
ITH,0
ITO,0.07096774193548387
JAC,0.10891089108910891
JAN,0.125
JAX,0.16533864541832669
JFK,0.19095477386934673
JLN,0.34782608695652173
JMS,0.36363636363636365
JNU,0.10638297872340426
KOA,0.10876132930513595
KTN,0.12962962962962962
LAN,0.14285714285714285
LAR,0.14285714285714285
LAS,0.2162822252374491
LAW,0.16216216216216217
LAX,0.195
LBB,0.1111111111111111
LBE,0.09090909090909091
LCH,0.10714285714285714
LEX,0.1534090909090909
LFT,0.21830985915492956
LGA,0.21360336262896445
LGB,0.1625615763546798
LIH,0.06811145510835913
LIT,0.16666666666666666
LNK,0.13414634146341464
LRD,0.04838709677419355
LSE,0.021739130434782608
LWS,0
MAF,0.15656565656565657
MBS,0.3157894736842105
MCI,0.15769944341372913
MCO,0.20112100230794594
MDT,0.2
MDW,0.23226389516493448
MEI,0.047619047619047616
MEM,0.15869017632241814
MFE,0.10101010101010101
MFR,0.13559322033898305
MGM,0.20652173913043478
MHK,0.15789473684210525
MHT,0.18125
MIA,0.2150593089221248
MKE,0.1630695443645084
MKG,0.15789473684210525
MLB,0.07692307692307693
MLI,0.1721311475409836
MLU,0.16049382716049382
MMH,0.6666666666666666
MOB,0.14634146341463414
MOT,0.10638297872340426
MQT,0
MRY,0.1111111111111111
MSN,0.11583011583011583
MSO,0.08196721311475409
MSP,0.142443729903537
MSY,0.16822429906542055
MTJ,0.17391304347826086
MVY,0
MYR,0.15384615384615385
OAJ,0.16129032258064516
OAK,0.20510774142059057
OGG,0.12169312169312169
OKC,0.17194570135746606
OMA,0.14498933901918976
OME,0.10526315789473684
ONT,0.17463617463617465
ORD,0.22562068082928077
ORF,0.15808823529411764
ORH,0.038461538461538464
OTH,0.3333333333333333
OTZ,0.11764705882352941
PAH,0
PBG,0.375
PBI,0.24267100977198697
PDX,0.12220566318926974
PHF,0.14285714285714285
PHL,0.17024704618689582
PHX,0.18143249313701024
PIA,0.19548872180451127
PIB,0.13333333333333333
PIH,0.09090909090909091
PIT,0.14536741214057508
PLN,0.047619047619047616
PNS,0.1032258064516129
PPG,0
PSC,0.14492753623188406
PSE,0.17391304347826086
PSG,0.23076923076923078
PSP,0.1328125
PUB,0
PVD,0.14084507042253522
PWM,0.16417910447761194
RAP,0.17708333333333334
RDD,0.21739130434782608
RDM,0.11475409836065574
RDU,0.1784090909090909
RHI,0.14814814814814814
RIC,0.16267942583732056
RKS,0.0625
RNO,0.1769436997319035
ROA,0.20512820512820512
ROC,0.16748768472906403
ROW,0.14285714285714285
RST,0.16071428571428573
RSW,0.17397078353253653
SAF,0.23076923076923078
SAN,0.180773249738767
SAT,0.17791411042944785
SAV,0.2132701421800948
SBA,0.16774193548387098
SBN,0.16071428571428573
SBP,0.18681318681318682
SCC,0.26666666666666666
SCE,0.08695652173913043
SDF,0.11553784860557768
SEA,0.15394442670073458
SFO,0.199602286850609
SGF,0.1388888888888889
SGU,0.045454545454545456
SHV,0.16091954022988506
SIT,0.16666666666666666
SJC,0.16218721037998146
SJT,0.07692307692307693
SJU,0.1880466472303207
SLC,0.1260820474219044
SMF,0.15317073170731707
SMX,0.3125
SNA,0.15789473684210525
SPI,0.1956521739130435
SPS,0.24324324324324326
SRQ,0.18584070796460178
STC,0
STL,0.20045045045045046
STT,0.19658119658119658
STX,0.12903225806451613
SUN,0.1724137931034483
SUX,0.25
SWF,0.18181818181818182
SYR,0.14864864864864866
TLH,0.13043478260869565
TOL,0.13636363636363635
TPA,0.1790193842645382
TRI,0.1276595744680851
TTN,0.225
TUL,0.15343915343915343
TUS,0.15466666666666667
TVC,0.08333333333333333
TWF,0.0625
TXK,0.058823529411764705
TYR,0.1206896551724138
TYS,0.18285714285714286
UST,0.6666666666666666
VEL,0
VLD,0.08333333333333333
VPS,0.08888888888888889
WRG,0.22727272727272727
WYS,0.25
XNA,0.14545454545454545
YAK,0.14814814814814814
YUM,0.1282051282051282
