ORIGIN_AIRPORT,Total_Flights,Delayed_Flights,Delay_Percentage
10140,1809,243,13.432835820895523
10299,1228,92,7.491856677524431
10397,32557,3503,10.759590871394785
10423,3879,494,12.735241041505544
10529,1708,139,8.138173302107727
10599,1143,128,11.198600174978129
10693,4456,532,11.938958707360861
10713,1157,118,10.198789974070872
10721,10115,1240,12.259021255561048
10792,1585,133,8.391167192429021
10800,1755,188,10.712250712250713
10821,8002,1340,16.74581354661335
10994,1205,152,12.614107883817427
11042,3205,340,10.60842433697348
11057,9551,1109,11.611349596900848
11066,2179,198,9.086737035337311
11193,1908,200,10.482180293501047
11259,5884,1004,17.063222297756628
11278,6770,767,11.329394387001477
11292,18103,2546,14.063967298237861
11298,20631,2777,13.460326692840871
11433,9902,1123,11.341143203393255
11540,1042,122,11.708253358925145
11618,9528,1541,16.173383711167087
11697,5769,864,14.97659906396256
12173,3766,265,7.036643653744025
12191,4692,782,16.666666666666664
12264,2985,351,11.758793969849247
12266,13119,1897,14.45994359326168
12339,2365,251,10.613107822410148
12451,1705,181,10.6158357771261
12478,8272,1273,15.389264990328822
12889,12660,1776,14.028436018957347
12892,17653,2196,12.439811929983573
12953,8465,1241,14.660366213821618
12992,1038,97,9.344894026974952
13198,3544,336,9.480812641083523
13204,9020,1050,11.64079822616408
13232,7610,908,11.931668856767411
13244,1512,151,9.986772486772487
13303,5944,800,13.458950201884253
13342,2634,245,9.301442672741079
13487,10568,1002,9.481453444360334
13495,3653,374,10.23816041609636
13796,3996,469,11.736736736736738
13830,1814,156,8.599779492833518
13851,1630,166,10.184049079754601
13871,1494,142,9.504685408299867
13891,1736,231,13.306451612903224
13930,27602,3468,12.564306934280125
14027,1736,244,14.055299539170507
14057,4544,364,8.01056338028169
14100,6075,817,13.448559670781894
14107,12904,1574,12.197768133911966
14122,2128,166,7.8007518796992485
14307,1092,97,8.882783882783883
14492,2989,300,10.036801605888257
14524,1634,194,11.872705018359852
14570,1140,128,11.228070175438596
14635,1760,188,10.681818181818182
14679,6190,649,10.48465266558966
14683,2604,265,10.176651305683563
14747,10369,1144,11.032886488571704
14771,14114,1991,14.106560861555902
14831,3463,326,9.41380306092983
14843,1863,253,13.580246913580247
14869,8753,692,7.905860847709356
14893,3602,398,11.049416990560799
14908,3529,386,10.937942759988665
15016,4300,464,10.790697674418604
15304,5132,551,10.73655494933749
15370,1312,114,8.689024390243901
15376,1301,133,10.222905457340508
ABE,2235,318,14.228187919463087
ABI,2232,303,13.5752688172043
ABQ,18980,3343,17.61327713382508
ACT,1539,237,15.39961013645224
ACV,1269,281,22.14342001576044
ACY,3532,659,18.657984144960363
AEX,3060,475,15.522875816993464
AGS,2346,360,15.34526854219949
ALB,7341,985,13.417790491758616
AMA,4080,584,14.313725490196077
ANC,15881,1851,11.65543731503054
ASE,3286,890,27.084601339013997
ATL,344279,59140,17.17792836623785
ATW,2765,381,13.779385171790235
AUS,41489,7190,17.329894670876616
AVL,2684,383,14.269746646795827
AVP,1331,178,13.373403456048083
AZO,1743,224,12.851405622489958
BDL,18437,2772,15.03498399956609
BFL,2595,379,14.605009633911367
BHM,12333,1931,15.657179923781724
BIL,2853,243,8.517350157728707
BIS,3393,452,13.321544356027115
BMI,2626,355,13.518659558263519
BNA,46514,8347,17.945134798125295
BOI,11554,1774,15.353989960186947
BOS,105193,18768,17.841491353987433
BQN,1332,296,22.22222222222222
BRO,2265,273,12.05298013245033
BTR,7003,1294,18.477795230615452
BTV,2889,480,16.614745586708203
BUF,16507,2454,14.866420306536622
BUR,18574,2636,14.19188112415204
BWI,84546,20022,23.68178269817614
BZN,3565,448,12.566619915848529
CAE,5057,827,16.35356930986751
CAK,6000,727,12.116666666666667
CHA,4132,646,15.634075508228463
CHO,2104,388,18.44106463878327
CHS,11583,1764,15.229215229215228
CID,6608,1142,17.282082324455207
CLE,33855,5328,15.737704918032788
CLL,2202,243,11.035422343324251
CLT,99243,16470,16.595628910855172
CMH,23649,4043,17.09586029007569
CMI,1999,276,13.806903451725864
COS,6765,995,14.708056171470806
COU,1244,221,17.765273311897108
CPR,1745,168,9.627507163323783
CRP,4737,790,16.6772218703821
CRW,2326,433,18.615649183147035
CSG,1061,141,13.289349670122528
CVG,19523,3161,16.19115914562311
CWA,1364,169,12.390029325513197
DAB,1490,168,11.275167785234899
DAL,58849,13419,22.80242654930415
DAY,8385,1277,15.229576624925462
DCA,71767,11097,15.462538492621958
DEN,193932,42628,21.980900521832396
DFW,233297,49602,21.261310689807413
DHN,1243,190,15.285599356395815
DLH,1667,256,15.356928614277143
DRO,2024,297,14.673913043478262
DSM,8130,1420,17.466174661746617
DTW,107230,17468,16.290217289937516
ECP,4149,502,12.099301036394312
EGE,1204,261,21.677740863787378
ELM,2011,273,13.575335653903531
ELP,11840,1838,15.52364864864865
EUG,3565,537,15.063113604488079
EVV,3714,545,14.674205708131394
EWR,98662,22716,23.02406194887596
EYW,1954,248,12.691914022517912
FAI,2173,264,12.149102623101703
FAR,5582,804,14.403439627373702
FAT,6951,1162,16.717019133937562
FAY,1618,249,15.389369592089
FCA,2006,192,9.571286141575275
FLG,1610,175,10.869565217391305
FLL,72830,14386,19.75284910064534
FNT,4637,522,11.257278412766874
FSD,5177,853,16.476723971412014
FSM,1913,284,14.845791949817041
FWA,5090,792,15.55992141453831
GEG,9456,1123,11.87605752961083
GJT,3140,307,9.777070063694268
GNV,2644,422,15.960665658093799
GPT,3529,439,12.439784641541513
GRB,4730,566,11.966173361522198
GRK,3877,551,14.212019602785658
GRR,10569,1571,14.864225565332575
GSO,6481,1104,17.03440827032865
GSP,6404,931,14.537788881948781
GTF,1952,132,6.762295081967213
HLN,1426,79,5.539971949509116
HNL,42998,3650,8.4887669193916
HOU,51268,11642,22.708122025434967
HPN,7164,1459,20.36571747627024
HRL,3036,326,10.737812911725955
HSV,4436,610,13.75112714156898
IAD,33750,6758,20.023703703703706
IAH,144492,29606,20.489715693602413
ICT,7901,1354,17.137071256802937
IDA,2228,180,8.07899461400359
ILM,1844,218,11.822125813449023
IND,25117,3879,15.44372337460684
ISN,2513,292,11.619578193394348
ISP,4257,756,17.758985200845668
ITO,5711,368,6.443705130450009
JAC,3457,521,15.070870697136247
JAN,6927,1000,14.436263894904
JAX,17827,2836,15.908453469456443
JFK,91889,18524,20.15910500712817
JNU,4045,562,13.893695920889988
KOA,11074,946,8.542532057070616
KTN,2291,335,14.622435617634222
LAN,1802,239,13.263041065482797
LAS,132245,27562,20.84161972097244
LAW,1237,191,15.44058205335489
LAX,192509,39254,20.390734978624376
LBB,4475,648,14.480446927374302
LBE,1245,269,21.606425702811244
LCH,1804,194,10.753880266075388
LEX,5809,779,13.41022551213634
LFT,5023,739,14.712323312761297
LGA,95074,20867,21.948166691208954
LGB,8717,1440,16.519444763106574
LIH,10501,816,7.770688505856585
LIT,10155,1694,16.681437715411125
LNK,2568,309,12.032710280373832
LRD,2138,251,11.739943872778298
LSE,1582,184,11.630847029077119
MAF,7276,1141,15.681693238042882
MBS,1654,266,16.08222490931076
MCI,38222,6109,15.98294176128931
MCO,109864,22186,20.19405810820651
MDT,3219,436,13.544579061820441
MDW,78927,18818,23.84228464277117
MEM,14425,2319,16.07625649913345
MFE,3300,472,14.303030303030303
MFR,2437,372,15.26466967583094
MGM,3117,526,16.875200513314084
MHK,1566,185,11.813537675606641
MHT,6141,862,14.036801823807195
MIA,68558,15465,22.557542518743254
MKE,29248,4513,15.430114879649889
MLB,1327,174,13.112283345892992
MLI,3630,598,16.47382920110193
MLU,2888,425,14.71606648199446
MOB,4922,719,14.607882974400649
MOT,1823,220,12.068019747668677
MRY,2840,421,14.82394366197183
MSN,8851,1163,13.139758219410236
MSO,2058,191,9.280855199222545
MSP,111309,16150,14.509159187487086
MSY,38393,6314,16.44570624853489
MYR,4733,970,20.494401014155926
OAJ,1121,161,14.362176628010706
OAK,41743,8377,20.068035359221906
OGG,20501,2238,10.91654065655334
OKC,15844,2551,16.100732138348903
OMA,16490,2483,15.057610673135233
ONT,17796,3071,17.25668689593167
ORD,277336,65414,23.58655205238411
ORF,9111,1439,15.794095049939633
PBI,22219,4805,21.62563571717899
PDX,46873,6078,12.966953256672284
PHF,1236,206,16.666666666666664
PHL,64947,11961,18.416555037184164
PHX,145913,26287,18.015529802005304
PIA,4509,670,14.859170547793301
PIT,23730,3248,13.687315634218288
PNS,6426,995,15.483971366324306
PSC,2404,228,9.484193011647255
PSP,8886,1448,16.295295971190637
PVD,10791,1583,14.669632100824762
PWM,4543,732,16.112700858463572
RAP,3217,444,13.801678582530307
RDM,2122,248,11.687087653157398
RDU,31155,5304,17.02455464612422
RIC,14932,2533,16.963568175729975
RNO,12878,2165,16.81161671066936
ROA,2223,363,16.32928475033738
ROC,7263,1093,15.048877874156686
RST,1975,290,14.683544303797468
RSW,27024,4734,17.517761989342805
SAF,1444,240,16.62049861495845
SAN,69422,12043,17.347526720636107
SAT,29457,4675,15.87059103099433
SAV,7397,1317,17.8045153440584
SBA,5890,940,15.959252971137522
SBN,4353,687,15.782219159200551
SBP,3068,487,15.873533246414603
SDF,9973,1596,16.003208663391156
SEA,110449,16458,14.900995029380077
SFO,145860,29432,20.17825311942959
SGF,6062,1029,16.97459584295612
SGU,1771,171,9.655561829474873
SHV,5949,1042,17.515548831736428
SIT,1333,149,11.177794448612154
SJC,37762,6221,16.474233356284095
SJT,1551,250,16.118633139909736
SJU,24465,4691,19.1743306764766
SLC,96815,11797,12.185095284821566
SMF,36854,6085,16.511097845552722
SNA,36801,5538,15.048504116735959
SPI,1522,220,14.454664914586072
SPS,1173,186,15.856777493606138
SRQ,3331,575,17.262083458420896
STL,46316,8726,18.84014163571984
STT,4299,833,19.3765992091184
SYR,5462,770,14.097400219699743
TLH,3152,434,13.769035532994925
TPA,63282,11419,18.044625643942986
TRI,1907,250,13.109596224436288
TTN,2779,581,20.906801007556673
TUL,13739,2133,15.525147390639784
TUS,14963,2136,14.275212190068837
TVC,2664,325,12.1996996996997
TYR,2200,346,15.727272727272728
TYS,6791,1242,18.288911795022823
VPS,4769,747,15.663661144894109
XNA,8987,1662,18.493379325692665
YUM,1854,151,8.1445523193096
